group,file,description,print_profile,onshape_name,bounding_box_mm,solid_volume_cm3,qty
fuselage,fuselage/fuselage-center.stl,"Center section, wing joint","Fuselage: 1 wall, 3% gyroid",Part 27,250 x 150 x 94,601.5,1
wing,wing/boom-mount-L.stl,"Left boom mount, under wing","Connector: 3 walls, 20% gyroid",Part 40,42 x 34 x 16,11.0,1
tail,tail/v-tail-L.stl,Left V-tail surface,"Standard: 2 walls, 20% gyroid",Part 85,188 x 134 x 71,99.6,1
wing,wing/aileron-R2.stl,"Right control surface, middle","Wing: 1 wall, 5% gyroid",Part 95,210 x 50 x 20,36.2,1
wing,wing/aileron-R3.stl,"Right control surface, outboard","Wing: 1 wall, 5% gyroid",Part 94,236 x 50 x 20,41.3,1
wing,wing/wing-root-plate-L.stl,Left wing root plate,"Connector: 3 walls, 20% gyroid",Part 30,152 x 45 x 5,31.9,1
wing,wing/wing-panel-R3.stl,Right wing panel,"Wing: 1 wall, 5% gyroid",Part 68,250 x 114 x 23,317.6,1
fuselage,fuselage/fuselage-insert.stl,Internal fuselage insert,"Standard: 2 walls, 20% gyroid",Part 1,134 x 44 x 29,169.4,1
tail,tail/v-tail-tip-L.stl,Left V-tail tip,"Standard: 2 walls, 20% gyroid",Part 86,100 x 57 x 44,15.0,1
tail,tail/ventral-fin.stl,Ventral fin and rear landing leg,"Standard: 2 walls, 20% gyroid",Part 47,233 x 211 x 38,319.7,1
wing,wing/wing-panel-L4.stl,"Left wing panel, tip","Wing: 1 wall, 5% gyroid",Part 36,259 x 170 x 61,461.0,1
tail,tail/ruddervator-R.stl,Right ruddervator,"Standard: 2 walls, 20% gyroid",Part 92,149 x 107 x 31,16.1,1
wing,wing/wing-panel-R1.stl,"Right wing panel, root","Wing: 1 wall, 5% gyroid",Part 61,252 x 151 x 31,359.9,1
nacelles,nacelles/boom-fairing-R.stl,Right boom fairing,"Standard: 2 walls, 20% gyroid",Part 60,157 x 56 x 37,83.7,1
nacelles,nacelles/servo-frame-L.stl,Left tilt-servo frame,"Standard: 2 walls, 20% gyroid",Part 50,56 x 29 x 4,2.5,1
tail,tail/pin-a.stl,Small pin,"Connector: 3 walls, 20% gyroid",Part 3,6 x 5 x 5,0.1,1
nacelles,nacelles/tilt-bracket-R-b.stl,"Right tilt bracket, servo side","Standard: 2 walls, 20% gyroid",Part 65,73 x 45 x 41,26.3,1
nacelles,nacelles/front-boom-R.stl,Right motor boom with landing leg,"Standard: 2 walls, 20% gyroid",Part 66,235 x 235 x 44,204.3,1
wing,wing/aileron-L3.stl,"Left control surface, outboard","Wing: 1 wall, 5% gyroid",Part 97,236 x 50 x 20,41.3,1
nacelles,nacelles/servo-frame-R.stl,Right tilt-servo frame,"Standard: 2 walls, 20% gyroid",Part 63,56 x 29 x 4,2.5,1
wing,wing/aileron-L1.stl,"Left control surface, inboard","Wing: 1 wall, 5% gyroid",Part 96,200 x 50 x 20,35.8,1
nacelles,nacelles/tilt-bracket-R-a.stl,Right tilt bracket,"Standard: 2 walls, 20% gyroid",Part 64,73 x 45 x 29,22.6,1
fuselage,fuselage/fuselage-front.stl,Front fuselage section,"Fuselage: 1 wall, 3% gyroid",Part 29,250 x 150 x 69,539.3,1
nacelles,nacelles/front-boom-L.stl,Left motor boom with landing leg,"Standard: 2 walls, 20% gyroid",Part 71,235 x 207 x 35,175.8,1
nacelles,nacelles/servo-housing-L.stl,Left tilt-servo housing,"Standard: 2 walls, 20% gyroid",Part 72,56 x 37 x 29,33.8,1
wing,wing/wing-panel-R4.stl,"Right wing panel, tip","Wing: 1 wall, 5% gyroid",Part 59,259 x 170 x 61,461.0,1
tail,tail/tail-mount.stl,Tail mount and rear motor pod,"Standard: 2 walls, 20% gyroid",Part 87,212 x 93 x 71,300.4,1
wing,wing/wing-panel-L1.stl,"Left wing panel, root","Wing: 1 wall, 5% gyroid",Part 38,252 x 151 x 31,359.9,1
fuselage,fuselage/nose-cone.stl,Streamlined nose cone,"Fuselage: 1 wall, 3% gyroid",Part 69,178 x 75 x 69,411.2,1
tail,tail/tail-boom-sleeve-2.stl,"Tail boom sleeve, middle","Standard: 2 walls, 20% gyroid",Part 81,243 x 38 x 38,162.4,1
wing,wing/wing-panel-L2.stl,Left wing panel,"Wing: 1 wall, 5% gyroid",Part 53,155 x 114 x 23,180.5,1
nacelles,nacelles/tilt-bracket-L-a.stl,Left tilt bracket,"Standard: 2 walls, 20% gyroid",Part 51,73 x 45 x 29,22.6,1
wing,wing/aileron-L2.stl,"Left control surface, middle","Wing: 1 wall, 5% gyroid",Part 98,210 x 50 x 20,36.2,1
tail,tail/tail-boom-sleeve-3.stl,"Tail boom sleeve, rear","Standard: 2 walls, 20% gyroid",Part 82,257 x 38 x 38,173.8,1
wing,wing/wing-panel-R2.stl,Right wing panel,"Wing: 1 wall, 5% gyroid",Part 67,155 x 114 x 23,180.5,1
tail,tail/tail-boom-sleeve-1.stl,"Tail boom sleeve, front","Standard: 2 walls, 20% gyroid",Part 41,233 x 38 x 38,147.1,1
nacelles,nacelles/tilt-bracket-L-b.stl,"Left tilt bracket, servo side","Standard: 2 walls, 20% gyroid",Part 52,73 x 45 x 41,26.3,1
wing,wing/aileron-R1.stl,"Right control surface, inboard","Wing: 1 wall, 5% gyroid",Part 93,200 x 50 x 20,35.8,1
fuselage,fuselage/avionics-tray.stl,Floor plate for PCB and battery,"Standard: 2 walls, 20% gyroid",Part 70,177 x 139 x 3,40.4,1
tail,tail/v-tail-R.stl,Right V-tail surface,"Standard: 2 walls, 20% gyroid",Part 89,188 x 134 x 70,99.6,1
tail,tail/v-tail-tip-R.stl,Right V-tail tip,"Standard: 2 walls, 20% gyroid",Part 90,100 x 57 x 44,15.0,1
tail,tail/control-horn-b.stl,Ruddervator control horn,"Standard: 2 walls, 20% gyroid",Part 84,20 x 7 x 7,0.5,1
nacelles,nacelles/boom-fairing-L.stl,Left boom fairing,"Standard: 2 walls, 20% gyroid",Part 37,157 x 56 x 37,83.7,1
tail,tail/pin-b.stl,Small pin,"Connector: 3 walls, 20% gyroid",Part 4,6 x 5 x 5,0.1,1
tail,tail/ruddervator-L.stl,Left ruddervator,"Standard: 2 walls, 20% gyroid",Part 91,149 x 107 x 31,16.1,1
tail,tail/control-horn-a.stl,Ruddervator control horn,"Standard: 2 walls, 20% gyroid",Part 83,10 x 7 x 6,0.2,1
fuselage,fuselage/tail-boom-joiner.stl,Joins tail boom to center section,"Connector: 3 walls, 20% gyroid",Part 88,65 x 27 x 27,37.2,1
wing,wing/wing-root-plate-R.stl,Right wing root plate,"Connector: 3 walls, 20% gyroid",Part 31,152 x 45 x 5,32.0,1
tail,tail/rear-tilt-bracket-b.stl,"Rear motor tilt bracket, servo side","Standard: 2 walls, 20% gyroid",Part 80,73 x 45 x 41,26.3,1
tail,tail/rear-tilt-bracket-a.stl,Rear motor tilt bracket,"Standard: 2 walls, 20% gyroid",Part 79,73 x 45 x 29,22.6,1
wing,wing/wing-panel-L3.stl,Left wing panel,"Wing: 1 wall, 5% gyroid",Part 54,250 x 114 x 23,317.6,1
wing,wing/boom-mount-R.stl,"Right boom mount, under wing","Connector: 3 walls, 20% gyroid",Part 100,42 x 34 x 16,11.0,1
tail,tail/rear-servo-frame.stl,Rear tilt-servo frame,"Standard: 2 walls, 20% gyroid",Part 78,56 x 29 x 4,2.5,1
